region,civ,date,metric,value,extraction_date
(01) Bas-St-Laurent,52,2026-07-20,patients_sur_civiere,36,2026-07-26
(01) Bas-St-Laurent,52,2026-07-21,patients_sur_civiere,35,2026-07-26
(01) Bas-St-Laurent,52,2026-07-22,patients_sur_civiere,29,2026-07-26
(01) Bas-St-Laurent,52,2026-07-23,patients_sur_civiere,42,2026-07-26
(01) Bas-St-Laurent,52,2026-07-24,patients_sur_civiere,30,2026-07-26
(01) Bas-St-Laurent,52,2026-07-25,patients_sur_civiere,35,2026-07-26
(01) Bas-St-Laurent,52,2026-07-26,patients_sur_civiere,25,2026-07-26
(01) Bas-St-Laurent,52,2026-07-20,patients_24h_plus,4,2026-07-26
(01) Bas-St-Laurent,52,2026-07-21,patients_24h_plus,1,2026-07-26
(01) Bas-St-Laurent,52,2026-07-22,patients_24h_plus,2,2026-07-26
(01) Bas-St-Laurent,52,2026-07-23,patients_24h_plus,2,2026-07-26
(01) Bas-St-Laurent,52,2026-07-24,patients_24h_plus,2,2026-07-26
(01) Bas-St-Laurent,52,2026-07-25,patients_24h_plus,0,2026-07-26
(01) Bas-St-Laurent,52,2026-07-26,patients_24h_plus,0,2026-07-26
(01) Bas-St-Laurent,52,2026-07-20,patients_48h_plus,0,2026-07-26
(01) Bas-St-Laurent,52,2026-07-21,patients_48h_plus,0,2026-07-26
(01) Bas-St-Laurent,52,2026-07-22,patients_48h_plus,0,2026-07-26
(01) Bas-St-Laurent,52,2026-07-23,patients_48h_plus,1,2026-07-26
(01) Bas-St-Laurent,52,2026-07-24,patients_48h_plus,0,2026-07-26
(01) Bas-St-Laurent,52,2026-07-25,patients_48h_plus,0,2026-07-26
(01) Bas-St-Laurent,52,2026-07-26,patients_48h_plus,0,2026-07-26
(01) Bas-St-Laurent,52,2026-07-20,visites_totales_veille,369,2026-07-26
(01) Bas-St-Laurent,52,2026-07-21,visites_totales_veille,420,2026-07-26
(01) Bas-St-Laurent,52,2026-07-22,visites_totales_veille,414,2026-07-26
(01) Bas-St-Laurent,52,2026-07-23,visites_totales_veille,436,2026-07-26
(01) Bas-St-Laurent,52,2026-07-24,visites_totales_veille,410,2026-07-26
(01) Bas-St-Laurent,52,2026-07-25,visites_totales_veille,372,2026-07-26
(01) Bas-St-Laurent,52,2026-07-26,visites_totales_veille,368,2026-07-26
(01) Bas-St-Laurent,52,2026-07-20,taux_occupation,69,2026-07-26
(01) Bas-St-Laurent,52,2026-07-21,taux_occupation,67,2026-07-26
(01) Bas-St-Laurent,52,2026-07-22,taux_occupation,56,2026-07-26
(01) Bas-St-Laurent,52,2026-07-23,taux_occupation,81,2026-07-26
(01) Bas-St-Laurent,52,2026-07-24,taux_occupation,58,2026-07-26
(01) Bas-St-Laurent,52,2026-07-25,taux_occupation,67,2026-07-26
(01) Bas-St-Laurent,52,2026-07-26,taux_occupation,48,2026-07-26
(02) Saguenay-Lac-Saint-Jean,104,2026-07-20,patients_sur_civiere,59,2026-07-26
(02) Saguenay-Lac-Saint-Jean,104,2026-07-21,patients_sur_civiere,57,2026-07-26
(02) Saguenay-Lac-Saint-Jean,104,2026-07-22,patients_sur_civiere,68,2026-07-26
(02) Saguenay-Lac-Saint-Jean,104,2026-07-23,patients_sur_civiere,73,2026-07-26
(02) Saguenay-Lac-Saint-Jean,104,2026-07-24,patients_sur_civiere,55,2026-07-26
(02) Saguenay-Lac-Saint-Jean,104,2026-07-25,patients_sur_civiere,63,2026-07-26
(02) Saguenay-Lac-Saint-Jean,104,2026-07-26,patients_sur_civiere,58,2026-07-26
(02) Saguenay-Lac-Saint-Jean,104,2026-07-20,patients_24h_plus,5,2026-07-26
(02) Saguenay-Lac-Saint-Jean,104,2026-07-21,patients_24h_plus,3,2026-07-26
(02) Saguenay-Lac-Saint-Jean,104,2026-07-22,patients_24h_plus,2,2026-07-26
(02) Saguenay-Lac-Saint-Jean,104,2026-07-23,patients_24h_plus,5,2026-07-26
(02) Saguenay-Lac-Saint-Jean,104,2026-07-24,patients_24h_plus,1,2026-07-26
(02) Saguenay-Lac-Saint-Jean,104,2026-07-25,patients_24h_plus,1,2026-07-26
(02) Saguenay-Lac-Saint-Jean,104,2026-07-26,patients_24h_plus,1,2026-07-26
(02) Saguenay-Lac-Saint-Jean,104,2026-07-20,patients_48h_plus,0,2026-07-26
(02) Saguenay-Lac-Saint-Jean,104,2026-07-21,patients_48h_plus,0,2026-07-26
(02) Saguenay-Lac-Saint-Jean,104,2026-07-22,patients_48h_plus,0,2026-07-26
(02) Saguenay-Lac-Saint-Jean,104,2026-07-23,patients_48h_plus,0,2026-07-26
(02) Saguenay-Lac-Saint-Jean,104,2026-07-24,patients_48h_plus,0,2026-07-26
(02) Saguenay-Lac-Saint-Jean,104,2026-07-25,patients_48h_plus,0,2026-07-26
(02) Saguenay-Lac-Saint-Jean,104,2026-07-26,patients_48h_plus,0,2026-07-26
(02) Saguenay-Lac-Saint-Jean,104,2026-07-20,visites_totales_veille,478,2026-07-26
(02) Saguenay-Lac-Saint-Jean,104,2026-07-21,visites_totales_veille,498,2026-07-26
(02) Saguenay-Lac-Saint-Jean,104,2026-07-22,visites_totales_veille,506,2026-07-26
(02) Saguenay-Lac-Saint-Jean,104,2026-07-23,visites_totales_veille,525,2026-07-26
(02) Saguenay-Lac-Saint-Jean,104,2026-07-24,visites_totales_veille,503,2026-07-26
(02) Saguenay-Lac-Saint-Jean,104,2026-07-25,visites_totales_veille,511,2026-07-26
(02) Saguenay-Lac-Saint-Jean,104,2026-07-26,visites_totales_veille,481,2026-07-26
(02) Saguenay-Lac-Saint-Jean,104,2026-07-20,taux_occupation,57,2026-07-26
(02) Saguenay-Lac-Saint-Jean,104,2026-07-21,taux_occupation,55,2026-07-26
(02) Saguenay-Lac-Saint-Jean,104,2026-07-22,taux_occupation,65,2026-07-26
(02) Saguenay-Lac-Saint-Jean,104,2026-07-23,taux_occupation,70,2026-07-26
(02) Saguenay-Lac-Saint-Jean,104,2026-07-24,taux_occupation,53,2026-07-26
(02) Saguenay-Lac-Saint-Jean,104,2026-07-25,taux_occupation,61,2026-07-26
(02) Saguenay-Lac-Saint-Jean,104,2026-07-26,taux_occupation,56,2026-07-26
(03) Capitale-Nationale,210,2026-07-20,patients_sur_civiere,208,2026-07-26
(03) Capitale-Nationale,210,2026-07-21,patients_sur_civiere,199,2026-07-26
(03) Capitale-Nationale,210,2026-07-22,patients_sur_civiere,202,2026-07-26
(03) Capitale-Nationale,210,2026-07-23,patients_sur_civiere,202,2026-07-26
(03) Capitale-Nationale,210,2026-07-24,patients_sur_civiere,187,2026-07-26
(03) Capitale-Nationale,210,2026-07-25,patients_sur_civiere,179,2026-07-26
(03) Capitale-Nationale,210,2026-07-26,patients_sur_civiere,181,2026-07-26
(03) Capitale-Nationale,210,2026-07-20,patients_24h_plus,26,2026-07-26
(03) Capitale-Nationale,210,2026-07-21,patients_24h_plus,19,2026-07-26
(03) Capitale-Nationale,210,2026-07-22,patients_24h_plus,16,2026-07-26
(03) Capitale-Nationale,210,2026-07-23,patients_24h_plus,15,2026-07-26
(03) Capitale-Nationale,210,2026-07-24,patients_24h_plus,28,2026-07-26
(03) Capitale-Nationale,210,2026-07-25,patients_24h_plus,14,2026-07-26
(03) Capitale-Nationale,210,2026-07-26,patients_24h_plus,19,2026-07-26
(03) Capitale-Nationale,210,2026-07-20,patients_48h_plus,10,2026-07-26
(03) Capitale-Nationale,210,2026-07-21,patients_48h_plus,3,2026-07-26
(03) Capitale-Nationale,210,2026-07-22,patients_48h_plus,2,2026-07-26
(03) Capitale-Nationale,210,2026-07-23,patients_48h_plus,2,2026-07-26
(03) Capitale-Nationale,210,2026-07-24,patients_48h_plus,4,2026-07-26
(03) Capitale-Nationale,210,2026-07-25,patients_48h_plus,4,2026-07-26
(03) Capitale-Nationale,210,2026-07-26,patients_48h_plus,5,2026-07-26
(03) Capitale-Nationale,210,2026-07-20,visites_totales_veille,1005,2026-07-26
(03) Capitale-Nationale,210,2026-07-21,visites_totales_veille,1127,2026-07-26
(03) Capitale-Nationale,210,2026-07-22,visites_totales_veille,1111,2026-07-26
(03) Capitale-Nationale,210,2026-07-23,visites_totales_veille,1102,2026-07-26
(03) Capitale-Nationale,210,2026-07-24,visites_totales_veille,1106,2026-07-26
(03) Capitale-Nationale,210,2026-07-25,visites_totales_veille,1112,2026-07-26
(03) Capitale-Nationale,210,2026-07-26,visites_totales_veille,986,2026-07-26
(03) Capitale-Nationale,210,2026-07-20,taux_occupation,99,2026-07-26
(03) Capitale-Nationale,210,2026-07-21,taux_occupation,95,2026-07-26
(03) Capitale-Nationale,210,2026-07-22,taux_occupation,96,2026-07-26
(03) Capitale-Nationale,210,2026-07-23,taux_occupation,96,2026-07-26
(03) Capitale-Nationale,210,2026-07-24,taux_occupation,89,2026-07-26
(03) Capitale-Nationale,210,2026-07-25,taux_occupation,85,2026-07-26
(03) Capitale-Nationale,210,2026-07-26,taux_occupation,86,2026-07-26
(05) Estrie,145,2026-07-20,patients_sur_civiere,141,2026-07-26
(05) Estrie,145,2026-07-21,patients_sur_civiere,142,2026-07-26
(05) Estrie,145,2026-07-22,patients_sur_civiere,144,2026-07-26
(05) Estrie,145,2026-07-23,patients_sur_civiere,121,2026-07-26
(05) Estrie,145,2026-07-24,patients_sur_civiere,123,2026-07-26
(05) Estrie,145,2026-07-25,patients_sur_civiere,130,2026-07-26
(05) Estrie,145,2026-07-26,patients_sur_civiere,145,2026-07-26
(05) Estrie,145,2026-07-20,patients_24h_plus,36,2026-07-26
(05) Estrie,145,2026-07-21,patients_24h_plus,30,2026-07-26
(05) Estrie,145,2026-07-22,patients_24h_plus,33,2026-07-26
(05) Estrie,145,2026-07-23,patients_24h_plus,21,2026-07-26
(05) Estrie,145,2026-07-24,patients_24h_plus,17,2026-07-26
(05) Estrie,145,2026-07-25,patients_24h_plus,23,2026-07-26
(05) Estrie,145,2026-07-26,patients_24h_plus,27,2026-07-26
(05) Estrie,145,2026-07-20,patients_48h_plus,17,2026-07-26
(05) Estrie,145,2026-07-21,patients_48h_plus,8,2026-07-26
(05) Estrie,145,2026-07-22,patients_48h_plus,8,2026-07-26
(05) Estrie,145,2026-07-23,patients_48h_plus,7,2026-07-26
(05) Estrie,145,2026-07-24,patients_48h_plus,6,2026-07-26
(05) Estrie,145,2026-07-25,patients_48h_plus,5,2026-07-26
(05) Estrie,145,2026-07-26,patients_48h_plus,10,2026-07-26
(05) Estrie,145,2026-07-20,visites_totales_veille,635,2026-07-26
(05) Estrie,145,2026-07-21,visites_totales_veille,749,2026-07-26
(05) Estrie,145,2026-07-22,visites_totales_veille,717,2026-07-26
(05) Estrie,145,2026-07-23,visites_totales_veille,653,2026-07-26
(05) Estrie,145,2026-07-24,visites_totales_veille,649,2026-07-26
(05) Estrie,145,2026-07-25,visites_totales_veille,718,2026-07-26
(05) Estrie,145,2026-07-26,visites_totales_veille,670,2026-07-26
(05) Estrie,145,2026-07-20,taux_occupation,97,2026-07-26
(05) Estrie,145,2026-07-21,taux_occupation,98,2026-07-26
(05) Estrie,145,2026-07-22,taux_occupation,99,2026-07-26
(05) Estrie,145,2026-07-23,taux_occupation,83,2026-07-26
(05) Estrie,145,2026-07-24,taux_occupation,85,2026-07-26
(05) Estrie,145,2026-07-25,taux_occupation,90,2026-07-26
(05) Estrie,145,2026-07-26,taux_occupation,100,2026-07-26
(06) Montréal,287,2026-07-20,patients_sur_civiere,378,2026-07-26
(06) Montréal,287,2026-07-21,patients_sur_civiere,402,2026-07-26
(06) Montréal,287,2026-07-22,patients_sur_civiere,419,2026-07-26
(06) Montréal,287,2026-07-23,patients_sur_civiere,419,2026-07-26
(06) Montréal,287,2026-07-24,patients_sur_civiere,377,2026-07-26
(06) Montréal,287,2026-07-25,patients_sur_civiere,361,2026-07-26
(06) Montréal,287,2026-07-26,patients_sur_civiere,360,2026-07-26
(06) Montréal,287,2026-07-20,patients_24h_plus,130,2026-07-26
(06) Montréal,287,2026-07-21,patients_24h_plus,141,2026-07-26
(06) Montréal,287,2026-07-22,patients_24h_plus,128,2026-07-26
(06) Montréal,287,2026-07-23,patients_24h_plus,146,2026-07-26
(06) Montréal,287,2026-07-24,patients_24h_plus,125,2026-07-26
(06) Montréal,287,2026-07-25,patients_24h_plus,105,2026-07-26
(06) Montréal,287,2026-07-26,patients_24h_plus,135,2026-07-26
(06) Montréal,287,2026-07-20,patients_48h_plus,66,2026-07-26
(06) Montréal,287,2026-07-21,patients_48h_plus,56,2026-07-26
(06) Montréal,287,2026-07-22,patients_48h_plus,52,2026-07-26
(06) Montréal,287,2026-07-23,patients_48h_plus,54,2026-07-26
(06) Montréal,287,2026-07-24,patients_48h_plus,55,2026-07-26
(06) Montréal,287,2026-07-25,patients_48h_plus,49,2026-07-26
(06) Montréal,287,2026-07-26,patients_48h_plus,64,2026-07-26
(06) Montréal,287,2026-07-20,visites_totales_veille,1266,2026-07-26
(06) Montréal,287,2026-07-21,visites_totales_veille,1553,2026-07-26
(06) Montréal,287,2026-07-22,visites_totales_veille,1510,2026-07-26
(06) Montréal,287,2026-07-23,visites_totales_veille,1380,2026-07-26
(06) Montréal,287,2026-07-24,visites_totales_veille,1345,2026-07-26
(06) Montréal,287,2026-07-25,visites_totales_veille,1381,2026-07-26
(06) Montréal,287,2026-07-26,visites_totales_veille,1231,2026-07-26
(06) Montréal,287,2026-07-20,taux_occupation,132,2026-07-26
(06) Montréal,287,2026-07-21,taux_occupation,140,2026-07-26
(06) Montréal,287,2026-07-22,taux_occupation,146,2026-07-26
(06) Montréal,287,2026-07-23,taux_occupation,146,2026-07-26
(06) Montréal,287,2026-07-24,taux_occupation,131,2026-07-26
(06) Montréal,287,2026-07-25,taux_occupation,126,2026-07-26
(06) Montréal,287,2026-07-26,taux_occupation,125,2026-07-26
(07) Outaouais,83,2026-07-20,patients_sur_civiere,100,2026-07-26
(07) Outaouais,83,2026-07-21,patients_sur_civiere,116,2026-07-26
(07) Outaouais,83,2026-07-22,patients_sur_civiere,104,2026-07-26
(07) Outaouais,83,2026-07-23,patients_sur_civiere,105,2026-07-26
(07) Outaouais,83,2026-07-24,patients_sur_civiere,115,2026-07-26
(07) Outaouais,83,2026-07-25,patients_sur_civiere,73,2026-07-26
(07) Outaouais,83,2026-07-26,patients_sur_civiere,105,2026-07-26
(07) Outaouais,83,2026-07-20,patients_24h_plus,44,2026-07-26
(07) Outaouais,83,2026-07-21,patients_24h_plus,34,2026-07-26
(07) Outaouais,83,2026-07-22,patients_24h_plus,41,2026-07-26
(07) Outaouais,83,2026-07-23,patients_24h_plus,23,2026-07-26
(07) Outaouais,83,2026-07-24,patients_24h_plus,22,2026-07-26
(07) Outaouais,83,2026-07-25,patients_24h_plus,19,2026-07-26
(07) Outaouais,83,2026-07-26,patients_24h_plus,24,2026-07-26
(07) Outaouais,83,2026-07-20,patients_48h_plus,16,2026-07-26
(07) Outaouais,83,2026-07-21,patients_48h_plus,22,2026-07-26
(07) Outaouais,83,2026-07-22,patients_48h_plus,12,2026-07-26
(07) Outaouais,83,2026-07-23,patients_48h_plus,11,2026-07-26
(07) Outaouais,83,2026-07-24,patients_48h_plus,7,2026-07-26
(07) Outaouais,83,2026-07-25,patients_48h_plus,3,2026-07-26
(07) Outaouais,83,2026-07-26,patients_48h_plus,7,2026-07-26
(07) Outaouais,83,2026-07-20,visites_totales_veille,405,2026-07-26
(07) Outaouais,83,2026-07-21,visites_totales_veille,540,2026-07-26
(07) Outaouais,83,2026-07-22,visites_totales_veille,505,2026-07-26
(07) Outaouais,83,2026-07-23,visites_totales_veille,436,2026-07-26
(07) Outaouais,83,2026-07-24,visites_totales_veille,504,2026-07-26
(07) Outaouais,83,2026-07-25,visites_totales_veille,438,2026-07-26
(07) Outaouais,83,2026-07-26,visites_totales_veille,465,2026-07-26
(07) Outaouais,83,2026-07-20,taux_occupation,120,2026-07-26
(07) Outaouais,83,2026-07-21,taux_occupation,140,2026-07-26
(07) Outaouais,83,2026-07-22,taux_occupation,125,2026-07-26
(07) Outaouais,83,2026-07-23,taux_occupation,127,2026-07-26
(07) Outaouais,83,2026-07-24,taux_occupation,139,2026-07-26
(07) Outaouais,83,2026-07-25,taux_occupation,88,2026-07-26
(07) Outaouais,83,2026-07-26,taux_occupation,127,2026-07-26
(08) Abitibi-Témiscamingue,36,2026-07-20,patients_sur_civiere,18,2026-07-26
(08) Abitibi-Témiscamingue,36,2026-07-21,patients_sur_civiere,19,2026-07-26
(08) Abitibi-Témiscamingue,36,2026-07-22,patients_sur_civiere,17,2026-07-26
(08) Abitibi-Témiscamingue,36,2026-07-23,patients_sur_civiere,15,2026-07-26
(08) Abitibi-Témiscamingue,36,2026-07-24,patients_sur_civiere,31,2026-07-26
(08) Abitibi-Témiscamingue,36,2026-07-25,patients_sur_civiere,25,2026-07-26
(08) Abitibi-Témiscamingue,36,2026-07-26,patients_sur_civiere,22,2026-07-26
(08) Abitibi-Témiscamingue,36,2026-07-20,patients_24h_plus,0,2026-07-26
(08) Abitibi-Témiscamingue,36,2026-07-21,patients_24h_plus,1,2026-07-26
(08) Abitibi-Témiscamingue,36,2026-07-22,patients_24h_plus,2,2026-07-26
(08) Abitibi-Témiscamingue,36,2026-07-23,patients_24h_plus,1,2026-07-26
(08) Abitibi-Témiscamingue,36,2026-07-24,patients_24h_plus,1,2026-07-26
(08) Abitibi-Témiscamingue,36,2026-07-25,patients_24h_plus,3,2026-07-26
(08) Abitibi-Témiscamingue,36,2026-07-26,patients_24h_plus,3,2026-07-26
(08) Abitibi-Témiscamingue,36,2026-07-20,patients_48h_plus,0,2026-07-26
(08) Abitibi-Témiscamingue,36,2026-07-21,patients_48h_plus,0,2026-07-26
(08) Abitibi-Témiscamingue,36,2026-07-22,patients_48h_plus,0,2026-07-26
(08) Abitibi-Témiscamingue,36,2026-07-23,patients_48h_plus,0,2026-07-26
(08) Abitibi-Témiscamingue,36,2026-07-24,patients_48h_plus,0,2026-07-26
(08) Abitibi-Témiscamingue,36,2026-07-25,patients_48h_plus,0,2026-07-26
(08) Abitibi-Témiscamingue,36,2026-07-26,patients_48h_plus,0,2026-07-26
(08) Abitibi-Témiscamingue,36,2026-07-20,visites_totales_veille,273,2026-07-26
(08) Abitibi-Témiscamingue,36,2026-07-21,visites_totales_veille,312,2026-07-26
(08) Abitibi-Témiscamingue,36,2026-07-22,visites_totales_veille,310,2026-07-26
(08) Abitibi-Témiscamingue,36,2026-07-23,visites_totales_veille,278,2026-07-26
(08) Abitibi-Témiscamingue,36,2026-07-24,visites_totales_veille,296,2026-07-26
(08) Abitibi-Témiscamingue,36,2026-07-25,visites_totales_veille,288,2026-07-26
(08) Abitibi-Témiscamingue,36,2026-07-26,visites_totales_veille,245,2026-07-26
(08) Abitibi-Témiscamingue,36,2026-07-20,taux_occupation,50,2026-07-26
(08) Abitibi-Témiscamingue,36,2026-07-21,taux_occupation,53,2026-07-26
(08) Abitibi-Témiscamingue,36,2026-07-22,taux_occupation,47,2026-07-26
(08) Abitibi-Témiscamingue,36,2026-07-23,taux_occupation,42,2026-07-26
(08) Abitibi-Témiscamingue,36,2026-07-24,taux_occupation,86,2026-07-26
(08) Abitibi-Témiscamingue,36,2026-07-25,taux_occupation,69,2026-07-26
(08) Abitibi-Témiscamingue,36,2026-07-26,taux_occupation,61,2026-07-26
(09) Côte-Nord,33,2026-07-20,patients_sur_civiere,41,2026-07-26
(09) Côte-Nord,33,2026-07-21,patients_sur_civiere,44,2026-07-26
(09) Côte-Nord,33,2026-07-22,patients_sur_civiere,38,2026-07-26
(09) Côte-Nord,33,2026-07-23,patients_sur_civiere,29,2026-07-26
(09) Côte-Nord,33,2026-07-24,patients_sur_civiere,33,2026-07-26
(09) Côte-Nord,33,2026-07-25,patients_sur_civiere,34,2026-07-26
(09) Côte-Nord,33,2026-07-26,patients_sur_civiere,39,2026-07-26
(09) Côte-Nord,33,2026-07-20,patients_24h_plus,14,2026-07-26
(09) Côte-Nord,33,2026-07-21,patients_24h_plus,17,2026-07-26
(09) Côte-Nord,33,2026-07-22,patients_24h_plus,20,2026-07-26
(09) Côte-Nord,33,2026-07-23,patients_24h_plus,12,2026-07-26
(09) Côte-Nord,33,2026-07-24,patients_24h_plus,7,2026-07-26
(09) Côte-Nord,33,2026-07-25,patients_24h_plus,9,2026-07-26
(09) Côte-Nord,33,2026-07-26,patients_24h_plus,7,2026-07-26
(09) Côte-Nord,33,2026-07-20,patients_48h_plus,9,2026-07-26
(09) Côte-Nord,33,2026-07-21,patients_48h_plus,8,2026-07-26
(09) Côte-Nord,33,2026-07-22,patients_48h_plus,11,2026-07-26
(09) Côte-Nord,33,2026-07-23,patients_48h_plus,6,2026-07-26
(09) Côte-Nord,33,2026-07-24,patients_48h_plus,2,2026-07-26
(09) Côte-Nord,33,2026-07-25,patients_48h_plus,1,2026-07-26
(09) Côte-Nord,33,2026-07-26,patients_48h_plus,3,2026-07-26
(09) Côte-Nord,33,2026-07-20,visites_totales_veille,207,2026-07-26
(09) Côte-Nord,33,2026-07-21,visites_totales_veille,236,2026-07-26
(09) Côte-Nord,33,2026-07-22,visites_totales_veille,205,2026-07-26
(09) Côte-Nord,33,2026-07-23,visites_totales_veille,201,2026-07-26
(09) Côte-Nord,33,2026-07-24,visites_totales_veille,202,2026-07-26
(09) Côte-Nord,33,2026-07-25,visites_totales_veille,211,2026-07-26
(09) Côte-Nord,33,2026-07-26,visites_totales_veille,198,2026-07-26
(09) Côte-Nord,33,2026-07-20,taux_occupation,124,2026-07-26
(09) Côte-Nord,33,2026-07-21,taux_occupation,133,2026-07-26
(09) Côte-Nord,33,2026-07-22,taux_occupation,115,2026-07-26
(09) Côte-Nord,33,2026-07-23,taux_occupation,88,2026-07-26
(09) Côte-Nord,33,2026-07-24,taux_occupation,100,2026-07-26
(09) Côte-Nord,33,2026-07-25,taux_occupation,103,2026-07-26
(09) Côte-Nord,33,2026-07-26,taux_occupation,118,2026-07-26
(10) Nord-du-Québec,5,2026-07-20,patients_sur_civiere,0,2026-07-26
(10) Nord-du-Québec,5,2026-07-21,patients_sur_civiere,0,2026-07-26
(10) Nord-du-Québec,5,2026-07-22,patients_sur_civiere,1,2026-07-26
(10) Nord-du-Québec,5,2026-07-23,patients_sur_civiere,2,2026-07-26
(10) Nord-du-Québec,5,2026-07-24,patients_sur_civiere,4,2026-07-26
(10) Nord-du-Québec,5,2026-07-25,patients_sur_civiere,1,2026-07-26
(10) Nord-du-Québec,5,2026-07-26,patients_sur_civiere,4,2026-07-26
(10) Nord-du-Québec,5,2026-07-20,patients_24h_plus,0,2026-07-26
(10) Nord-du-Québec,5,2026-07-21,patients_24h_plus,0,2026-07-26
(10) Nord-du-Québec,5,2026-07-22,patients_24h_plus,0,2026-07-26
(10) Nord-du-Québec,5,2026-07-23,patients_24h_plus,1,2026-07-26
(10) Nord-du-Québec,5,2026-07-24,patients_24h_plus,1,2026-07-26
(10) Nord-du-Québec,5,2026-07-25,patients_24h_plus,0,2026-07-26
(10) Nord-du-Québec,5,2026-07-26,patients_24h_plus,0,2026-07-26
(10) Nord-du-Québec,5,2026-07-20,patients_48h_plus,0,2026-07-26
(10) Nord-du-Québec,5,2026-07-21,patients_48h_plus,0,2026-07-26
(10) Nord-du-Québec,5,2026-07-22,patients_48h_plus,0,2026-07-26
(10) Nord-du-Québec,5,2026-07-23,patients_48h_plus,0,2026-07-26
(10) Nord-du-Québec,5,2026-07-24,patients_48h_plus,0,2026-07-26
(10) Nord-du-Québec,5,2026-07-25,patients_48h_plus,0,2026-07-26
(10) Nord-du-Québec,5,2026-07-26,patients_48h_plus,0,2026-07-26
(10) Nord-du-Québec,5,2026-07-20,visites_totales_veille,22,2026-07-26
(10) Nord-du-Québec,5,2026-07-21,visites_totales_veille,61,2026-07-26
(10) Nord-du-Québec,5,2026-07-22,visites_totales_veille,62,2026-07-26
(10) Nord-du-Québec,5,2026-07-23,visites_totales_veille,43,2026-07-26
(10) Nord-du-Québec,5,2026-07-24,visites_totales_veille,43,2026-07-26
(10) Nord-du-Québec,5,2026-07-25,visites_totales_veille,58,2026-07-26
(10) Nord-du-Québec,5,2026-07-26,visites_totales_veille,39,2026-07-26
(10) Nord-du-Québec,5,2026-07-20,taux_occupation,0,2026-07-26
(10) Nord-du-Québec,5,2026-07-21,taux_occupation,0,2026-07-26
(10) Nord-du-Québec,5,2026-07-22,taux_occupation,20,2026-07-26
(10) Nord-du-Québec,5,2026-07-23,taux_occupation,40,2026-07-26
(10) Nord-du-Québec,5,2026-07-24,taux_occupation,80,2026-07-26
(10) Nord-du-Québec,5,2026-07-25,taux_occupation,20,2026-07-26
(10) Nord-du-Québec,5,2026-07-26,taux_occupation,80,2026-07-26
(11) Gaspésie-Îles-de-la-Madeleine,44,2026-07-20,patients_sur_civiere,25,2026-07-26
(11) Gaspésie-Îles-de-la-Madeleine,44,2026-07-21,patients_sur_civiere,32,2026-07-26
(11) Gaspésie-Îles-de-la-Madeleine,44,2026-07-22,patients_sur_civiere,33,2026-07-26
(11) Gaspésie-Îles-de-la-Madeleine,44,2026-07-23,patients_sur_civiere,30,2026-07-26
(11) Gaspésie-Îles-de-la-Madeleine,44,2026-07-24,patients_sur_civiere,27,2026-07-26
(11) Gaspésie-Îles-de-la-Madeleine,44,2026-07-25,patients_sur_civiere,21,2026-07-26
(11) Gaspésie-Îles-de-la-Madeleine,44,2026-07-26,patients_sur_civiere,28,2026-07-26
(11) Gaspésie-Îles-de-la-Madeleine,44,2026-07-20,patients_24h_plus,6,2026-07-26
(11) Gaspésie-Îles-de-la-Madeleine,44,2026-07-21,patients_24h_plus,4,2026-07-26
(11) Gaspésie-Îles-de-la-Madeleine,44,2026-07-22,patients_24h_plus,5,2026-07-26
(11) Gaspésie-Îles-de-la-Madeleine,44,2026-07-23,patients_24h_plus,6,2026-07-26
(11) Gaspésie-Îles-de-la-Madeleine,44,2026-07-24,patients_24h_plus,4,2026-07-26
(11) Gaspésie-Îles-de-la-Madeleine,44,2026-07-25,patients_24h_plus,5,2026-07-26
(11) Gaspésie-Îles-de-la-Madeleine,44,2026-07-26,patients_24h_plus,4,2026-07-26
(11) Gaspésie-Îles-de-la-Madeleine,44,2026-07-20,patients_48h_plus,1,2026-07-26
(11) Gaspésie-Îles-de-la-Madeleine,44,2026-07-21,patients_48h_plus,0,2026-07-26
(11) Gaspésie-Îles-de-la-Madeleine,44,2026-07-22,patients_48h_plus,1,2026-07-26
(11) Gaspésie-Îles-de-la-Madeleine,44,2026-07-23,patients_48h_plus,3,2026-07-26
(11) Gaspésie-Îles-de-la-Madeleine,44,2026-07-24,patients_48h_plus,0,2026-07-26
(11) Gaspésie-Îles-de-la-Madeleine,44,2026-07-25,patients_48h_plus,0,2026-07-26
(11) Gaspésie-Îles-de-la-Madeleine,44,2026-07-26,patients_48h_plus,1,2026-07-26
(11) Gaspésie-Îles-de-la-Madeleine,44,2026-07-20,visites_totales_veille,295,2026-07-26
(11) Gaspésie-Îles-de-la-Madeleine,44,2026-07-21,visites_totales_veille,349,2026-07-26
(11) Gaspésie-Îles-de-la-Madeleine,44,2026-07-22,visites_totales_veille,303,2026-07-26
(11) Gaspésie-Îles-de-la-Madeleine,44,2026-07-23,visites_totales_veille,313,2026-07-26
(11) Gaspésie-Îles-de-la-Madeleine,44,2026-07-24,visites_totales_veille,293,2026-07-26
(11) Gaspésie-Îles-de-la-Madeleine,44,2026-07-25,visites_totales_veille,288,2026-07-26
(11) Gaspésie-Îles-de-la-Madeleine,44,2026-07-26,visites_totales_veille,263,2026-07-26
(11) Gaspésie-Îles-de-la-Madeleine,44,2026-07-20,taux_occupation,57,2026-07-26
(11) Gaspésie-Îles-de-la-Madeleine,44,2026-07-21,taux_occupation,73,2026-07-26
(11) Gaspésie-Îles-de-la-Madeleine,44,2026-07-22,taux_occupation,75,2026-07-26
(11) Gaspésie-Îles-de-la-Madeleine,44,2026-07-23,taux_occupation,68,2026-07-26
(11) Gaspésie-Îles-de-la-Madeleine,44,2026-07-24,taux_occupation,61,2026-07-26
(11) Gaspésie-Îles-de-la-Madeleine,44,2026-07-25,taux_occupation,48,2026-07-26
(11) Gaspésie-Îles-de-la-Madeleine,44,2026-07-26,taux_occupation,64,2026-07-26
(12) Chaudière-Appalaches,89,2026-07-20,patients_sur_civiere,103,2026-07-26
(12) Chaudière-Appalaches,89,2026-07-21,patients_sur_civiere,96,2026-07-26
(12) Chaudière-Appalaches,89,2026-07-22,patients_sur_civiere,108,2026-07-26
(12) Chaudière-Appalaches,89,2026-07-23,patients_sur_civiere,106,2026-07-26
(12) Chaudière-Appalaches,89,2026-07-24,patients_sur_civiere,114,2026-07-26
(12) Chaudière-Appalaches,89,2026-07-25,patients_sur_civiere,97,2026-07-26
(12) Chaudière-Appalaches,89,2026-07-26,patients_sur_civiere,96,2026-07-26
(12) Chaudière-Appalaches,89,2026-07-20,patients_24h_plus,30,2026-07-26
(12) Chaudière-Appalaches,89,2026-07-21,patients_24h_plus,22,2026-07-26
(12) Chaudière-Appalaches,89,2026-07-22,patients_24h_plus,23,2026-07-26
(12) Chaudière-Appalaches,89,2026-07-23,patients_24h_plus,29,2026-07-26
(12) Chaudière-Appalaches,89,2026-07-24,patients_24h_plus,24,2026-07-26
(12) Chaudière-Appalaches,89,2026-07-25,patients_24h_plus,19,2026-07-26
(12) Chaudière-Appalaches,89,2026-07-26,patients_24h_plus,16,2026-07-26
(12) Chaudière-Appalaches,89,2026-07-20,patients_48h_plus,9,2026-07-26
(12) Chaudière-Appalaches,89,2026-07-21,patients_48h_plus,6,2026-07-26
(12) Chaudière-Appalaches,89,2026-07-22,patients_48h_plus,6,2026-07-26
(12) Chaudière-Appalaches,89,2026-07-23,patients_48h_plus,4,2026-07-26
(12) Chaudière-Appalaches,89,2026-07-24,patients_48h_plus,8,2026-07-26
(12) Chaudière-Appalaches,89,2026-07-25,patients_48h_plus,3,2026-07-26
(12) Chaudière-Appalaches,89,2026-07-26,patients_48h_plus,4,2026-07-26
(12) Chaudière-Appalaches,89,2026-07-20,visites_totales_veille,622,2026-07-26
(12) Chaudière-Appalaches,89,2026-07-21,visites_totales_veille,680,2026-07-26
(12) Chaudière-Appalaches,89,2026-07-22,visites_totales_veille,678,2026-07-26
(12) Chaudière-Appalaches,89,2026-07-23,visites_totales_veille,656,2026-07-26
(12) Chaudière-Appalaches,89,2026-07-24,visites_totales_veille,588,2026-07-26
(12) Chaudière-Appalaches,89,2026-07-25,visites_totales_veille,635,2026-07-26
(12) Chaudière-Appalaches,89,2026-07-26,visites_totales_veille,539,2026-07-26
(12) Chaudière-Appalaches,89,2026-07-20,taux_occupation,116,2026-07-26
(12) Chaudière-Appalaches,89,2026-07-21,taux_occupation,108,2026-07-26
(12) Chaudière-Appalaches,89,2026-07-22,taux_occupation,121,2026-07-26
(12) Chaudière-Appalaches,89,2026-07-23,taux_occupation,119,2026-07-26
(12) Chaudière-Appalaches,89,2026-07-24,taux_occupation,128,2026-07-26
(12) Chaudière-Appalaches,89,2026-07-25,taux_occupation,109,2026-07-26
(12) Chaudière-Appalaches,89,2026-07-26,taux_occupation,108,2026-07-26
(13) Laval,49,2026-07-20,patients_sur_civiere,84,2026-07-26
(13) Laval,49,2026-07-21,patients_sur_civiere,86,2026-07-26
(13) Laval,49,2026-07-22,patients_sur_civiere,85,2026-07-26
(13) Laval,49,2026-07-23,patients_sur_civiere,81,2026-07-26
(13) Laval,49,2026-07-24,patients_sur_civiere,84,2026-07-26
(13) Laval,49,2026-07-25,patients_sur_civiere,72,2026-07-26
(13) Laval,49,2026-07-26,patients_sur_civiere,77,2026-07-26
(13) Laval,49,2026-07-20,patients_24h_plus,19,2026-07-26
(13) Laval,49,2026-07-21,patients_24h_plus,15,2026-07-26
(13) Laval,49,2026-07-22,patients_24h_plus,17,2026-07-26
(13) Laval,49,2026-07-23,patients_24h_plus,10,2026-07-26
(13) Laval,49,2026-07-24,patients_24h_plus,11,2026-07-26
(13) Laval,49,2026-07-25,patients_24h_plus,14,2026-07-26
(13) Laval,49,2026-07-26,patients_24h_plus,13,2026-07-26
(13) Laval,49,2026-07-20,patients_48h_plus,3,2026-07-26
(13) Laval,49,2026-07-21,patients_48h_plus,2,2026-07-26
(13) Laval,49,2026-07-22,patients_48h_plus,0,2026-07-26
(13) Laval,49,2026-07-23,patients_48h_plus,0,2026-07-26
(13) Laval,49,2026-07-24,patients_48h_plus,0,2026-07-26
(13) Laval,49,2026-07-25,patients_48h_plus,0,2026-07-26
(13) Laval,49,2026-07-26,patients_48h_plus,1,2026-07-26
(13) Laval,49,2026-07-20,visites_totales_veille,207,2026-07-26
(13) Laval,49,2026-07-21,visites_totales_veille,282,2026-07-26
(13) Laval,49,2026-07-22,visites_totales_veille,265,2026-07-26
(13) Laval,49,2026-07-23,visites_totales_veille,265,2026-07-26
(13) Laval,49,2026-07-24,visites_totales_veille,286,2026-07-26
(13) Laval,49,2026-07-25,visites_totales_veille,236,2026-07-26
(13) Laval,49,2026-07-26,visites_totales_veille,178,2026-07-26
(13) Laval,49,2026-07-20,taux_occupation,171,2026-07-26
(13) Laval,49,2026-07-21,taux_occupation,176,2026-07-26
(13) Laval,49,2026-07-22,taux_occupation,173,2026-07-26
(13) Laval,49,2026-07-23,taux_occupation,165,2026-07-26
(13) Laval,49,2026-07-24,taux_occupation,171,2026-07-26
(13) Laval,49,2026-07-25,taux_occupation,147,2026-07-26
(13) Laval,49,2026-07-26,taux_occupation,157,2026-07-26
(14) Lanaudière,89,2026-07-20,patients_sur_civiere,87,2026-07-26
(14) Lanaudière,89,2026-07-21,patients_sur_civiere,102,2026-07-26
(14) Lanaudière,89,2026-07-22,patients_sur_civiere,101,2026-07-26
(14) Lanaudière,89,2026-07-23,patients_sur_civiere,95,2026-07-26
(14) Lanaudière,89,2026-07-24,patients_sur_civiere,98,2026-07-26
(14) Lanaudière,89,2026-07-25,patients_sur_civiere,74,2026-07-26
(14) Lanaudière,89,2026-07-26,patients_sur_civiere,82,2026-07-26
(14) Lanaudière,89,2026-07-20,patients_24h_plus,8,2026-07-26
(14) Lanaudière,89,2026-07-21,patients_24h_plus,13,2026-07-26
(14) Lanaudière,89,2026-07-22,patients_24h_plus,26,2026-07-26
(14) Lanaudière,89,2026-07-23,patients_24h_plus,15,2026-07-26
(14) Lanaudière,89,2026-07-24,patients_24h_plus,18,2026-07-26
(14) Lanaudière,89,2026-07-25,patients_24h_plus,14,2026-07-26
(14) Lanaudière,89,2026-07-26,patients_24h_plus,7,2026-07-26
(14) Lanaudière,89,2026-07-20,patients_48h_plus,0,2026-07-26
(14) Lanaudière,89,2026-07-21,patients_48h_plus,0,2026-07-26
(14) Lanaudière,89,2026-07-22,patients_48h_plus,1,2026-07-26
(14) Lanaudière,89,2026-07-23,patients_48h_plus,0,2026-07-26
(14) Lanaudière,89,2026-07-24,patients_48h_plus,2,2026-07-26
(14) Lanaudière,89,2026-07-25,patients_48h_plus,0,2026-07-26
(14) Lanaudière,89,2026-07-26,patients_48h_plus,0,2026-07-26
(14) Lanaudière,89,2026-07-20,visites_totales_veille,412,2026-07-26
(14) Lanaudière,89,2026-07-21,visites_totales_veille,505,2026-07-26
(14) Lanaudière,89,2026-07-22,visites_totales_veille,479,2026-07-26
(14) Lanaudière,89,2026-07-23,visites_totales_veille,464,2026-07-26
(14) Lanaudière,89,2026-07-24,visites_totales_veille,452,2026-07-26
(14) Lanaudière,89,2026-07-25,visites_totales_veille,414,2026-07-26
(14) Lanaudière,89,2026-07-26,visites_totales_veille,386,2026-07-26
(14) Lanaudière,89,2026-07-20,taux_occupation,98,2026-07-26
(14) Lanaudière,89,2026-07-21,taux_occupation,115,2026-07-26
(14) Lanaudière,89,2026-07-22,taux_occupation,113,2026-07-26
(14) Lanaudière,89,2026-07-23,taux_occupation,107,2026-07-26
(14) Lanaudière,89,2026-07-24,taux_occupation,110,2026-07-26
(14) Lanaudière,89,2026-07-25,taux_occupation,83,2026-07-26
(14) Lanaudière,89,2026-07-26,taux_occupation,92,2026-07-26
(15) Laurentides,113,2026-07-20,patients_sur_civiere,160,2026-07-26
(15) Laurentides,113,2026-07-21,patients_sur_civiere,164,2026-07-26
(15) Laurentides,113,2026-07-22,patients_sur_civiere,176,2026-07-26
(15) Laurentides,113,2026-07-23,patients_sur_civiere,169,2026-07-26
(15) Laurentides,113,2026-07-24,patients_sur_civiere,165,2026-07-26
(15) Laurentides,113,2026-07-25,patients_sur_civiere,154,2026-07-26
(15) Laurentides,113,2026-07-26,patients_sur_civiere,157,2026-07-26
(15) Laurentides,113,2026-07-20,patients_24h_plus,56,2026-07-26
(15) Laurentides,113,2026-07-21,patients_24h_plus,41,2026-07-26
(15) Laurentides,113,2026-07-22,patients_24h_plus,57,2026-07-26
(15) Laurentides,113,2026-07-23,patients_24h_plus,53,2026-07-26
(15) Laurentides,113,2026-07-24,patients_24h_plus,44,2026-07-26
(15) Laurentides,113,2026-07-25,patients_24h_plus,43,2026-07-26
(15) Laurentides,113,2026-07-26,patients_24h_plus,54,2026-07-26
(15) Laurentides,113,2026-07-20,patients_48h_plus,25,2026-07-26
(15) Laurentides,113,2026-07-21,patients_48h_plus,14,2026-07-26
(15) Laurentides,113,2026-07-22,patients_48h_plus,12,2026-07-26
(15) Laurentides,113,2026-07-23,patients_48h_plus,13,2026-07-26
(15) Laurentides,113,2026-07-24,patients_48h_plus,8,2026-07-26
(15) Laurentides,113,2026-07-25,patients_48h_plus,11,2026-07-26
(15) Laurentides,113,2026-07-26,patients_48h_plus,16,2026-07-26
(15) Laurentides,113,2026-07-20,visites_totales_veille,527,2026-07-26
(15) Laurentides,113,2026-07-21,visites_totales_veille,629,2026-07-26
(15) Laurentides,113,2026-07-22,visites_totales_veille,579,2026-07-26
(15) Laurentides,113,2026-07-23,visites_totales_veille,531,2026-07-26
(15) Laurentides,113,2026-07-24,visites_totales_veille,516,2026-07-26
(15) Laurentides,113,2026-07-25,visites_totales_veille,562,2026-07-26
(15) Laurentides,113,2026-07-26,visites_totales_veille,515,2026-07-26
(15) Laurentides,113,2026-07-20,taux_occupation,142,2026-07-26
(15) Laurentides,113,2026-07-21,taux_occupation,145,2026-07-26
(15) Laurentides,113,2026-07-22,taux_occupation,156,2026-07-26
(15) Laurentides,113,2026-07-23,taux_occupation,150,2026-07-26
(15) Laurentides,113,2026-07-24,taux_occupation,146,2026-07-26
(15) Laurentides,113,2026-07-25,taux_occupation,136,2026-07-26
(15) Laurentides,113,2026-07-26,taux_occupation,139,2026-07-26
(16) Montérégie,239,2026-07-20,patients_sur_civiere,324,2026-07-26
(16) Montérégie,239,2026-07-21,patients_sur_civiere,312,2026-07-26
(16) Montérégie,239,2026-07-22,patients_sur_civiere,346,2026-07-26
(16) Montérégie,239,2026-07-23,patients_sur_civiere,297,2026-07-26
(16) Montérégie,239,2026-07-24,patients_sur_civiere,308,2026-07-26
(16) Montérégie,239,2026-07-25,patients_sur_civiere,297,2026-07-26
(16) Montérégie,239,2026-07-26,patients_sur_civiere,293,2026-07-26
(16) Montérégie,239,2026-07-20,patients_24h_plus,117,2026-07-26
(16) Montérégie,239,2026-07-21,patients_24h_plus,99,2026-07-26
(16) Montérégie,239,2026-07-22,patients_24h_plus,113,2026-07-26
(16) Montérégie,239,2026-07-23,patients_24h_plus,106,2026-07-26
(16) Montérégie,239,2026-07-24,patients_24h_plus,86,2026-07-26
(16) Montérégie,239,2026-07-25,patients_24h_plus,83,2026-07-26
(16) Montérégie,239,2026-07-26,patients_24h_plus,91,2026-07-26
(16) Montérégie,239,2026-07-20,patients_48h_plus,47,2026-07-26
(16) Montérégie,239,2026-07-21,patients_48h_plus,42,2026-07-26
(16) Montérégie,239,2026-07-22,patients_48h_plus,46,2026-07-26
(16) Montérégie,239,2026-07-23,patients_48h_plus,39,2026-07-26
(16) Montérégie,239,2026-07-24,patients_48h_plus,37,2026-07-26
(16) Montérégie,239,2026-07-25,patients_48h_plus,32,2026-07-26
(16) Montérégie,239,2026-07-26,patients_48h_plus,36,2026-07-26
(16) Montérégie,239,2026-07-20,visites_totales_veille,960,2026-07-26
(16) Montérégie,239,2026-07-21,visites_totales_veille,1167,2026-07-26
(16) Montérégie,239,2026-07-22,visites_totales_veille,1114,2026-07-26
(16) Montérégie,239,2026-07-23,visites_totales_veille,1074,2026-07-26
(16) Montérégie,239,2026-07-24,visites_totales_veille,1059,2026-07-26
(16) Montérégie,239,2026-07-25,visites_totales_veille,1101,2026-07-26
(16) Montérégie,239,2026-07-26,visites_totales_veille,967,2026-07-26
(16) Montérégie,239,2026-07-20,taux_occupation,136,2026-07-26
(16) Montérégie,239,2026-07-21,taux_occupation,131,2026-07-26
(16) Montérégie,239,2026-07-22,taux_occupation,145,2026-07-26
(16) Montérégie,239,2026-07-23,taux_occupation,124,2026-07-26
(16) Montérégie,239,2026-07-24,taux_occupation,129,2026-07-26
(16) Montérégie,239,2026-07-25,taux_occupation,124,2026-07-26
(16) Montérégie,239,2026-07-26,taux_occupation,123,2026-07-26
Total de la province,1578,2026-07-20,patients_sur_civiere,1764,2026-07-26
Total de la province,1578,2026-07-21,patients_sur_civiere,1806,2026-07-26
Total de la province,1578,2026-07-22,patients_sur_civiere,1871,2026-07-26
Total de la province,1578,2026-07-23,patients_sur_civiere,1786,2026-07-26
Total de la province,1578,2026-07-24,patients_sur_civiere,1751,2026-07-26
Total de la province,1578,2026-07-25,patients_sur_civiere,1616,2026-07-26
Total de la province,1578,2026-07-26,patients_sur_civiere,1672,2026-07-26
Total de la province,1578,2026-07-20,patients_24h_plus,495,2026-07-26
Total de la province,1578,2026-07-21,patients_24h_plus,440,2026-07-26
Total de la province,1578,2026-07-22,patients_24h_plus,485,2026-07-26
Total de la province,1578,2026-07-23,patients_24h_plus,445,2026-07-26
Total de la province,1578,2026-07-24,patients_24h_plus,391,2026-07-26
Total de la province,1578,2026-07-25,patients_24h_plus,352,2026-07-26
Total de la province,1578,2026-07-26,patients_24h_plus,401,2026-07-26
Total de la province,1578,2026-07-20,patients_48h_plus,203,2026-07-26
Total de la province,1578,2026-07-21,patients_48h_plus,161,2026-07-26
Total de la province,1578,2026-07-22,patients_48h_plus,151,2026-07-26
Total de la province,1578,2026-07-23,patients_48h_plus,140,2026-07-26
Total de la province,1578,2026-07-24,patients_48h_plus,129,2026-07-26
Total de la province,1578,2026-07-25,patients_48h_plus,108,2026-07-26
Total de la province,1578,2026-07-26,patients_48h_plus,147,2026-07-26
Total de la province,1578,2026-07-20,visites_totales_veille,7683,2026-07-26
Total de la province,1578,2026-07-21,visites_totales_veille,9108,2026-07-26
Total de la province,1578,2026-07-22,visites_totales_veille,8758,2026-07-26
Total de la province,1578,2026-07-23,visites_totales_veille,8357,2026-07-26
Total de la province,1578,2026-07-24,visites_totales_veille,8252,2026-07-26
Total de la province,1578,2026-07-25,visites_totales_veille,8325,2026-07-26
Total de la province,1578,2026-07-26,visites_totales_veille,7531,2026-07-26
Total de la province,1578,2026-07-20,taux_occupation,112,2026-07-26
Total de la province,1578,2026-07-21,taux_occupation,114,2026-07-26
Total de la province,1578,2026-07-22,taux_occupation,119,2026-07-26
Total de la province,1578,2026-07-23,taux_occupation,113,2026-07-26
Total de la province,1578,2026-07-24,taux_occupation,111,2026-07-26
Total de la province,1578,2026-07-25,taux_occupation,102,2026-07-26
Total de la province,1578,2026-07-26,taux_occupation,106,2026-07-26
